day_plus_1,day_plus_2,day_plus_3,day_plus_4,day_plus_5
849.96185,881.20776,873.76953,780.7514,32.76737
