day_plus_1,day_plus_2,day_plus_3,day_plus_4,day_plus_5
0.79999053,0.8011043,0.8023002,0.8031317,0.80362993
