day_plus_1,day_plus_2,day_plus_3,day_plus_4,day_plus_5
0.79999053,0.8023789,0.8057157,0.8091854,0.81235456
