day_plus_1,day_plus_2,day_plus_3,day_plus_4,day_plus_5
0.0639996,0.06405414,0.06411747,0.06415377,0.06416914
