day_plus_1,day_plus_2,day_plus_3,day_plus_4,day_plus_5
0.79999053,0.7995254,0.7989761,0.79853904,0.7982762
