day_plus_1,day_plus_2,day_plus_3,day_plus_4,day_plus_5
0.0639996,0.06395336,0.06387185,0.063760206,0.06364766
