day_plus_1,day_plus_2,day_plus_3,day_plus_4,day_plus_5
0.799623,0.7992707,0.7986832,0.79802126,0.7974296
